Timestamp,Email address,Score,Name,IITP webmail,Phone (10 digit only),Score_After_Negative,Roll Number,Unnamed: 8,Unnamed: 9,Unnamed: 10,Unnamed: 11,Unnamed: 12,Unnamed: 13,Unnamed: 14,Unnamed: 15,Unnamed: 16,Unnamed: 17,Unnamed: 18,Unnamed: 19,Unnamed: 20,Unnamed: 21,Unnamed: 22,Unnamed: 23,Unnamed: 24,Unnamed: 25,Unnamed: 26,Unnamed: 27,Unnamed: 28,Unnamed: 29,Unnamed: 30,Unnamed: 31,Unnamed: 32,Unnamed: 33,Unnamed: 34,Unnamed: 35,statusAns
07-07-2021 14:10,dsdeeptishakya777@pick.com,140 / 140,Deepti Shakya,deepti_1921211cs14@iitp.ac.in,8377094336,140/140,ANSWER,Option A,Option D,Option B,Option C,Option B,Option C,Option D,Option D,Option A,Option A,Option C,Option A,Option D,Option D,Option B,Option D,Option C,Option D,Option B,Option D,Option A,Option A,Option A,Option D,Option D,Option A,Option C,Option D,"[28,0,0]"
07-08-2021 12:18,ellen_booth4939@atink.com,55 / 140,Ellen Booth,ellen_booth9706@iitp.ac.in,7785862435,39/140,1401ME61,Option A,Option D,Option B,Option C,Option B,Option B,Option A,Option B,,Option C,Option C,Option B,Option B,Option B,Option B,Option D,Option C,Option D,Option C,Option B,Option D,Option B,Option B,Option C,Option B,Option A,Option A,Option B,"[11,16,1]"
07-08-2021 12:18,rachael_selby9175@acrit.org,100 / 140,Rachael Selby,rachael_selby7861@iitp.ac.in,9984503025,92/140,1401CS40,Option A,Option D,Option B,Option C,Option B,Option C,Option A,Option D,Option B,Option A,Option C,Option C,Option D,Option D,Option B,Option B,Option C,Option D,Option D,Option B,Option A,Option B,Option A,Option D,Option B,Option A,Option C,Option D,"[20,8,0]"
07-08-2021 12:19,rowan_knott5318@deons.tech,25 / 140,Rowan Knott,rowan_knott132@iitp.ac.in,9799319607,13/140,1401EE17,Option A,,Option C,,,Option D,Option D,,,,Option A,,Option C,,Option A,Option A,Option C,Option C,,Option C,Option B,Option A,Option B,Option B,,Option A,,Option A,"[5,12,11]"
07-08-2021 12:19,abdul_rowe197@muall.tech,40 / 140,Abdul Rowe,abdul_rowe997@iitp.ac.in,9131454766,27/140,1401ME10,Option D,Option D,Option B,Option D,Option B,Option B,Option D,,,Option A,Option B,,Option D,Option C,Option A,,,Option D,Option C,Option B,Option B,,Option B,,Option C,Option C,Option B,Option D,"[8,13,7]"
07-08-2021 12:19,henry_spencer7982@dionrab.com,45 / 140,Henry Spencer,henry_spencer2064@iitp.ac.in,7378293221,33/140,1401ME69,Option A,Option D,Option B,Option C,,Option D,Option D,Option C,,Option D,Option B,Option D,Option C,Option C,Option B,Option A,Option B,Option D,,,,Option B,,Option C,,Option A,Option B,Option D,"[9,12,7]"
07-08-2021 12:19,livia_ianson9590@famism.biz,100 / 140,Livia Ianson,livia_ianson3962@iitp.ac.in,9518769455,93/140,1401CS31,Option D,Option D,Option B,Option C,Option B,Option C,Option D,,Option A,Option A,Option C,Option A,Option D,Option D,Option D,Option C,Option C,Option D,Option B,Option B,Option A,Option B,Option A,Option D,Option B,Option C,Option C,Option D,"[20,7,1]"
07-08-2021 12:19,charlize_driscoll1025@corti.com,90 / 140,Charlize Driscoll,charlize_driscoll3045@iitp.ac.in,6304699592,88/140,1401CS15,Option A,,,Option C,,Option C,Option D,Option D,,,Option C,Option A,Option D,Option D,Option B,Option D,Option C,Option D,,,,Option A,Option A,Option D,Option B,Option A,Option C,Option B,"[18,2,8]"
07-08-2021 12:19,danielle_ellison9701@dionrab.com,35 / 140,Danielle Ellison,danielle_ellison1492@iitp.ac.in,8171611219,24/140,1401EE32,Option D,Option D,Option A,Option C,Option A,Option C,,,,Option B,Option A,Option A,,,,Option A,Option C,Option D,Option A,Option C,Option B,,Option A,,Option A,,,Option B,"[7,11,10]"
07-08-2021 12:19,chadwick_john5137@zorer.org,105 / 140,Chadwick John,chadwick_john1030@iitp.ac.in,8922824586,104/140,1401CE04,Option A,,Option B,Option C,,Option C,Option D,Option D,,Option A,Option C,Option A,Option D,,Option B,,Option C,Option D,Option B,Option D,Option A,,Option A,Option D,Option D,Option A,Option C,Option B,"[21,1,6]"
07-08-2021 12:20,gil_carter2776@gompie.com,90 / 140,Gil Carter,gil_carter3805@iitp.ac.in,9321640810,83/140,1401CS68,Option D,Option D,Option B,Option C,Option B,Option B,Option A,,,Option A,Option C,Option A,Option D,Option D,Option B,Option C,Option C,Option D,Option B,,Option A,Option A,Option B,Option D,Option A,Option C,Option C,Option D,"[18,7,3]"
07-08-2021 12:20,daphne_speed306@vetan.org,130 / 140,Daphne Speed,daphne_speed3415@iitp.ac.in,9783460636,128/140,1401CE61,Option A,Option D,Option B,Option C,Option B,Option C,Option D,Option D,Option B,Option A,Option C,Option A,Option D,Option D,Option B,Option D,Option C,Option D,Option A,Option D,Option A,Option A,Option A,Option D,Option D,Option A,Option C,Option D,"[26,2,0]"
07-08-2021 12:20,caydence_camden1581@naiker.biz,20 / 140,Caydence Camden,caydence_camden8370@iitp.ac.in,9569921982,20/140,1401ME80,,,,,,,,,,,,,Option D,,Option B,,,,,,,,,Option D,,Option A,,,"[4,0,24]"
07-08-2021 12:20,elijah_sloan9903@famism.biz,45 / 140,Elijah Sloan,elijah_sloan1477@iitp.ac.in,9369060898,37/140,1401ME83,,Option D,,,Option D,,Option D,Option D,,,Option C,Option B,Option B,,,Option B,Option C,Option D,Option C,Option D,,Option B,,Option D,Option A,Option C,,Option D,"[9,8,11]"
07-08-2021 12:20,madison_parsons1820@twipet.com,60 / 140,Madison Parsons,madison_parsons5146@iitp.ac.in,7903619453,44/140,1401ME52,Option C,Option B,Option B,Option B,Option B,Option B,Option A,Option D,Option B,Option B,Option C,Option D,Option B,Option D,Option B,Option B,Option D,Option A,Option B,Option B,Option A,Option B,Option A,Option D,Option B,Option A,Option A,Option D,"[12,16,0]"
07-08-2021 12:20,gil_savage9073@bungar.biz,100 / 140,Gil Savage,gil_savage2177@iitp.ac.in,9809925873,97/140,1401EE58,Option A,Option D,Option B,Option C,Option B,Option C,Option D,Option D,,Option B,Option D,Option D,Option D,,Option B,Option D,Option C,Option D,,Option D,,Option A,Option A,Option D,Option D,Option A,,Option D,"[20,3,5]"
07-08-2021 12:20,vicky_stubbs4593@typill.biz,25 / 140,Vicky Stubbs,vicky_stubbs5534@iitp.ac.in,8235880406,19/140,1401EE56,Option D,,,Option C,,,Option C,Option B,,,Option D,Option A,,,,,,Option D,,Option B,,Option B,Option A,Option D,,,,,"[5,6,17]"
07-08-2021 12:20,gemma_murray759@jiman.org,105 / 140,Gemma Murray,gemma_murray2055@iitp.ac.in,7497080070,104/140,1401ME07,Option A,Option D,Option B,Option C,,Option C,Option D,,Option A,Option A,Option C,Option A,Option B,Option D,Option B,Option D,Option C,,,Option D,Option A,,Option A,Option D,Option D,Option A,Option C,,"[21,1,6]"
07-08-2021 12:20,mark_cann5224@liret.org,95 / 140,Mark Cann,mark_cann3732@iitp.ac.in,7828975562,93/140,1401CS63,,,Option B,Option C,Option B,Option C,Option D,Option D,Option A,Option A,Option C,Option A,Option B,,,Option D,Option C,Option D,,,Option A,Option A,Option A,Option D,Option D,Option A,Option A,,"[19,2,7]"
,,Absent,Sage Harvey,,,Absent,1401ME42
,,Absent,Barney Reynolds,,,Absent,1401ME71
,,Absent,Leslie Leigh,,,Absent,1401CB51
,,Absent,Roger Barrett,,,Absent,1401EE15
,,Absent,Kaylee Ranks,,,Absent,1401CS66
,,Absent,Barney Vass,,,Absent,1401CS44
,,Absent,David Goldsmith,,,Absent,1401CS14
,,Absent,Joseph Adams,,,Absent,1401EE27
,,Absent,Dakota Lewis,,,Absent,1401EE36
,,Absent,Violet Crawford,,,Absent,1401CS78
,,Absent,Molly Vinton,,,Absent,1401CE47
,,Absent,Noah Knott,,,Absent,1401CE29
,,Absent,Percy Verdon,,,Absent,1401ME11
,,Absent,Alexander Partridge,,,Absent,1401ME45
,,Absent,Lynn Jones,,,Absent,1401CB02
,,Absent,Ronald Owens,,,Absent,1401CB16
,,Absent,Daniel Reading,,,Absent,1401MM25
,,Absent,Sage Potts,,,Absent,1401EE67
,,Absent,Harriet Ward,,,Absent,1401CE25
,,Absent,Vera Rycroft,,,Absent,1401CB37
,,Absent,Daniel Norton,,,Absent,1401CS67
,,Absent,Ramon Fulton,,,Absent,1401CS74
,,Absent,Gina Thomas,,,Absent,1401ME76
,,Absent,Dorothy Cameron,,,Absent,1401EE20
,,Absent,David Allen,,,Absent,1401EE53
,,Absent,Alan Russell,,,Absent,1401EE18
,,Absent,Erica Underhill,,,Absent,1401CB35
,,Absent,Aiden Alldridge,,,Absent,1401MM04
,,Absent,Gabriel Henderson,,,Absent,1401ME06
,,Absent,Noah Vincent,,,Absent,1401EE68
,,Absent,Josephine Graham,,,Absent,1401CB19
,,Absent,Evelynn Howard,,,Absent,1401EE04
,,Absent,Tania Speed,,,Absent,1401MM13
,,Absent,Brad Snow,,,Absent,1401CB05
,,Absent,Wendy Healy,,,Absent,1401CE38
,,Absent,Luke Murphy,,,Absent,1401CS56
,,Absent,Denny Walker,,,Absent,1401ME77
,,Absent,Dalia Vaughn,,,Absent,1401CE06
,,Absent,Peter Brennan,,,Absent,1401CB31
,,Absent,Laila Robertson,,,Absent,1401ME39
,,Absent,Charlize Wright,,,Absent,1401CB11
,,Absent,Owen Thomas,,,Absent,1401CE13
,,Absent,Mandy Hooper,,,Absent,1401EE10
,,Absent,Ethan Robinson,,,Absent,1401MM03
,,Absent,Alice Harrison,,,Absent,1401CS10
,,Absent,Summer Stone,,,Absent,1401ME32
,,Absent,Gladys Mcgee,,,Absent,1401ME27
,,Absent,Jayden Thorpe,,,Absent,1401EE74
,,Absent,Aeris Waterson,,,Absent,1401EE54
,,Absent,Abdul Cobb,,,Absent,1401CS02
,,Absent,Roger Woods,,,Absent,1401MM29
,,Absent,Willow Rose,,,Absent,1401CB08
,,Absent,Nathan Skinner,,,Absent,1401CE48
,,Absent,Paula Whitmore,,,Absent,1401EE31
,,Absent,Matt Eastwood,,,Absent,1401ME63
,,Absent,Josh Nicholls,,,Absent,1401CS80
,,Absent,Estrella Locke,,,Absent,1401MM32
,,Absent,Kamila Weasley,,,Absent,1401CS39
,,Absent,Phillip Pope,,,Absent,1401ME14
,,Absent,Danny Vince,,,Absent,1401CS54
,,Absent,Dasha Bayliss,,,Absent,1401CS37
,,Absent,Greta Flanders,,,Absent,1401CS27
,,Absent,Isla Evans,,,Absent,1401CE52
,,Absent,Emma Neal,,,Absent,1401MM15
,,Absent,Peter Ross,,,Absent,1401ME02
,,Absent,Mike Benfield,,,Absent,1401CS29
,,Absent,Abdul Avery,,,Absent,1401CS24
,,Absent,Benny Harrington,,,Absent,1401CS58
,,Absent,Barney Tait,,,Absent,1401EE25
,,Absent,Paige Ulyatt,,,Absent,1401MM26
,,Absent,Bart Foxley,,,Absent,1401ME43
,,Absent,Sebastian Graves,,,Absent,1401MM14
,,Absent,Kate Moreno,,,Absent,1401EE07
,,Absent,Bryce Middleton,,,Absent,1401EE08
,,Absent,Shannon Graves,,,Absent,1401CE43
,,Absent,Hadley Hardwick,,,Absent,1401CS49
,,Absent,Danny Walsh,,,Absent,1401EE24
,,Absent,Freya Woodley,,,Absent,1401MM33
,,Absent,Harry Myatt,,,Absent,1401EE28
,,Absent,Ronald Curtis,,,Absent,1401ME46
,,Absent,Sadie Zaoui,,,Absent,1401CE49
,,Absent,Morgan Hope,,,Absent,1401EE79
,,Absent,Clarissa Forester,,,Absent,1401MM38
,,Absent,Jack Eagle,,,Absent,1401ME12
,,Absent,Elijah Dwyer,,,Absent,1401ME25
,,Absent,Greta Strong,,,Absent,1401CS18
,,Absent,Adalind Williams,,,Absent,1401EE75
,,Absent,Gemma Pickard,,,Absent,1401EE77
,,Absent,Daria Button,,,Absent,1401ME16
,,Absent,Maxwell York,,,Absent,1401CB23
,,Absent,Rocco Becker,,,Absent,1401CS13
,,Absent,Cynthia Spencer,,,Absent,1401ME82
,,Absent,Roger Patel,,,Absent,1401CE37
,,Absent,Harmony Sheldon,,,Absent,1401CS43
,,Absent,Carl Utterson,,,Absent,1401CS69
,,Absent,Mason Antcliff,,,Absent,1401ME20
,,Absent,Willow Neal,,,Absent,1401CE30
,,Absent,Crystal Gregory,,,Absent,1401EE62
,,Absent,Ruby Slater,,,Absent,1401CS45
,,Absent,Ally Thompson,,,Absent,1401EE70
,,Absent,Morgan Beal,,,Absent,1401CS57
,,Absent,John Lunt,,,Absent,1401CS04
,,Absent,Iris Higgs,,,Absent,1401MM07
,,Absent,Rick Gallacher,,,Absent,1401CB44
,,Absent,Kirsten Wills,,,Absent,1401CE34
,,Absent,Percy Pearce,,,Absent,1401CS36
,,Absent,Alexander Russell,,,Absent,1401CE17
,,Absent,Tony Miller,,,Absent,1401CS52
,,Absent,Ethan Armstrong,,,Absent,1401MM10
,,Absent,Vera Butler,,,Absent,1401CS53
,,Absent,Bart Hobson,,,Absent,1401CE18
,,Absent,Bristol Walsh,,,Absent,1401EE55
,,Absent,Alessandra Verdon,,,Absent,1401EE78
,,Absent,Lucas Nicolas,,,Absent,1401CS76
,,Absent,Lucas Doherty,,,Absent,1401MM35
,,Absent,Johnny Rogers,,,Absent,1401CS03
,,Absent,Rick Larkin,,,Absent,1401CS08
,,Absent,Tony Wilkinson,,,Absent,1401CS62
,,Absent,Enoch Cann,,,Absent,1401CS20
,,Absent,Anabelle Nicholls,,,Absent,1401CS51
,,Absent,Bob Yoman,,,Absent,1401EE12
,,Absent,Mark Rust,,,Absent,1401CE57
,,Absent,Jade Emmott,,,Absent,1401CB24
,,Absent,Wade Moore,,,Absent,1401ME19
,,Absent,Christy Ianson,,,Absent,1401CE05
,,Absent,Tiffany Bryson,,,Absent,1401CB32
,,Absent,Harmony Rowe,,,Absent,1401MM08
,,Absent,Karen Wright,,,Absent,1401EE59
,,Absent,Jaylene Ramsey,,,Absent,1401MM09
,,Absent,Norah Riley,,,Absent,1401EE41
,,Absent,Tony Gray,,,Absent,1401CE09
,,Absent,Javier Newman,,,Absent,1401CE10
,,Absent,Rita Taylor,,,Absent,1401CE39
,,Absent,Alessia Fulton,,,Absent,1401EE57
,,Absent,Barney Cobb,,,Absent,1401EE60
,,Absent,Jules Rainford,,,Absent,1401EE63
,,Absent,Andie Harrington,,,Absent,1401CE16
,,Absent,Matthew Griffiths,,,Absent,1401ME70
,,Absent,Davina Lakey,,,Absent,1401CE21
,,Absent,Johnathan Boden,,,Absent,1401ME24
,,Absent,Isabella Gallacher,,,Absent,1401CB13
,,Absent,Darlene Goodman,,,Absent,1401CB01
,,Absent,Melinda Gibson,,,Absent,1401MM16
,,Absent,Michelle Bailey,,,Absent,1401CE26
,,Absent,Cedrick Little,,,Absent,1401CS01
,,Absent,Ron Mills,,,Absent,1401EE22
,,Absent,Wade Nelson,,,Absent,1401CS19
,,Absent,Alex Edwards,,,Absent,1401EE40
,,Absent,Aurelia Quinnell,,,Absent,1401CB07
,,Absent,Abbey Purvis,,,Absent,1401CE58
,,Absent,Maddison Tobin,,,Absent,1401CB04
,,Absent,Bristol Quinton,,,Absent,1401EE37
,,Absent,Lindsay Exton,,,Absent,1401CE32
,,Absent,Alessandra Gordon,,,Absent,1401CS42
,,Absent,Tom Kelly,,,Absent,1401EE48
,,Absent,Aleksandra Mcleod,,,Absent,1401CB54
,,Absent,Aileen Hamilton,,,Absent,1401EE82
,,Absent,Oliver Walker,,,Absent,1401CS79
,,Absent,Clint Fenton,,,Absent,1401CB03
,,Absent,Harvey Giles,,,Absent,1401CS47
,,Absent,Kaylee Stevenson,,,Absent,1401CE31
,,Absent,Stephanie Emmott,,,Absent,1401CS30
,,Absent,Catherine Cork,,,Absent,1401CB42
,,Absent,Clarissa Little,,,Absent,1401CE59
,,Absent,Diane Warner,,,Absent,1401EE30
,,Absent,Mark Brock,,,Absent,1401CB48
,,Absent,Mara Donnelly,,,Absent,1401EE45
,,Absent,Erick Taylor,,,Absent,1401CB52
,,Absent,Bart Willis,,,Absent,1401CS59
,,Absent,Vicky Weldon,,,Absent,1401CE46
,,Absent,Boris Harrison,,,Absent,1401CE64
,,Absent,Sara Willis,,,Absent,1401ME67
,,Absent,Jacob Robertson,,,Absent,1401CE27
,,Absent,Eileen Rowan,,,Absent,1401CS17
,,Absent,Harvey Hudson,,,Absent,1401CS16
,,Absent,Belinda Franks,,,Absent,1401ME15
,,Absent,Kieth Graham,,,Absent,1401CS64
,,Absent,Valerie Simpson,,,Absent,1401CB62
,,Absent,Mark Connell,,,Absent,1401CS60
,,Absent,Boris Coll,,,Absent,1401EE66
,,Absent,Carl Noon,,,Absent,1401CB58
,,Absent,Margot Terry,,,Absent,1401MM21
,,Absent,Danny Allen,,,Absent,1401ME34
,,Absent,Karen Edley,,,Absent,1401ME59
,,Absent,Doug Lynn,,,Absent,1401ME33
,,Absent,Bethany Dobson,,,Absent,1401MM37
,,Absent,Sabina Hope,,,Absent,1401CB21
,,Absent,Johnny Quinn,,,Absent,1401EE49
,,Absent,Ramon Quinn,,,Absent,1401MM28
,,Absent,Isla Andrews,,,Absent,1401CE28
,,Absent,Destiny Moran,,,Absent,1401CB47
,,Absent,Noemi Rossi,,,Absent,1401ME48
,,Absent,Penelope Coleman,,,Absent,1401CE50
,,Absent,Danielle Clayton,,,Absent,1401MM23
,,Absent,Angelina Flack,,,Absent,1401ME64
,,Absent,Diane Yoman,,,Absent,1401ME40
,,Absent,Fred Oldfield,,,Absent,1401CE66
,,Absent,Peter Rodgers,,,Absent,1401MM24
,,Absent,Hayden Torres,,,Absent,1401EE42
,,Absent,Rufus Hopkinson,,,Absent,1401CB53
,,Absent,Joseph Walsh,,,Absent,1401CS09
,,Absent,Martin Speed,,,Absent,1401CB20
,,Absent,Gina Allington,,,Absent,1401MM18
,,Absent,Roger Grady,,,Absent,1401ME41
,,Absent,Erick John,,,Absent,1401CB10
,,Absent,Rufus Little,,,Absent,1401ME47
,,Absent,Georgia Weston,,,Absent,1401ME29
,,Absent,Jacob Franks,,,Absent,1401CE12
,,Absent,Meredith Morris,,,Absent,1401CB15
,,Absent,Margot Pope,,,Absent,1401ME35
,,Absent,Alexander Fenton,,,Absent,1401CS32
,,Absent,Ada Welsch,,,Absent,1401CB26
,,Absent,Barney Wellington,,,Absent,1401CE14
,,Absent,Roger Healy,,,Absent,1401CS72
,,Absent,Nathan Neal,,,Absent,1401EE23
,,Absent,Mike Allwood,,,Absent,1401CE40
,,Absent,Bob Tennant,,,Absent,1401CE53
,,Absent,Rick Gray,,,Absent,1401EE05
,,Absent,Skylar Devonport,,,Absent,1401CB59
,,Absent,Gabriel Underhill,,,Absent,1401ME78
,,Absent,Rosa Alcroft,,,Absent,1401CS34
,,Absent,George Grey,,,Absent,1401ME36
,,Absent,Peyton Ranks,,,Absent,1401ME09
,,Absent,Peter Gibson,,,Absent,1401CB57
,,Absent,Jennifer Jefferson,,,Absent,1401CS28
,,Absent,Luke Ross,,,Absent,1401CS12
,,Absent,Chad Olson,,,Absent,1401CS21
,,Absent,Vera Khan,,,Absent,1401CS33
,,Absent,Carrie Wood,,,Absent,1401CS06
,,Absent,Aileen Stone ,,,Absent,1401ME53
,,Absent,Daria Hunter,,,Absent,1401ME21
,,Absent,Logan Whatson,,,Absent,1401CS38
,,Absent,Paige Salt,,,Absent,1401ME03
,,Absent,Julian Stewart,,,Absent,1401ME72
,,Absent,Alan Atkinson,,,Absent,1401EE81
,,Absent,Rosa Miller,,,Absent,1401CB49
,,Absent,Carrie Lynch,,,Absent,1401CB36
,,Absent,Michael Tutton,,,Absent,1401EE13
,,Absent,Gabriel Blythe,,,Absent,1401CS41
,,Absent,Gwen Wilde,,,Absent,1401ME18
,,Absent,Goldie Hunt,,,Absent,1401ME23
,,Absent,Caleb Vince,,,Absent,1401MM11
,,Absent,Madison Pearson,,,Absent,1401ME79
,,Absent,Tyler Dann,,,Absent,1401CE56
,,Absent,Shannon Harrison,,,Absent,1401ME30
,,Absent,Harry Fall,,,Absent,1401EE14
,,Absent,Mavis Ventura,,,Absent,1401CE63
,,Absent,David Bloom,,,Absent,1401CB34
,,Absent,Janice Shaw,,,Absent,1401CB38
,,Absent,Cherish James,,,Absent,1401ME04
,,Absent,Luke Strong,,,Absent,1401CB46
,,Absent,Enoch Thomson,,,Absent,1401EE65
,,Absent,Penelope Willson,,,Absent,1401CS70
,,Absent,Johnny Miller,,,Absent,1401ME57
,,Absent,Alexander Stevenson,,,Absent,1401CB29
,,Absent,Chester Carter,,,Absent,1401CE51
,,Absent,Adela Funnell,,,Absent,1401ME60
,,Absent,Chester Bradshaw,,,Absent,1401ME13
,,Absent,Emerald Richardson,,,Absent,1401EE43
,,Absent,Alan Kelly,,,Absent,1401ME51
,,Absent,Livia Plant,,,Absent,1401EE26
,,Absent,Clint Davies,,,Absent,1401ME56
,,Absent,Judith Butler,,,Absent,1401ME62
,,Absent,Gil Woods,,,Absent,1401CB14
,,Absent,Sara Gray,,,Absent,1401ME65
,,Absent,Wade Clarkson,,,Absent,1401CE42
,,Absent,Daron Norris,,,Absent,1401EE73
,,Absent,Angelina Martin,,,Absent,1401CB22
,,Absent,Harriet Bell,,,Absent,1401ME50
,,Absent,Sylvia Lane,,,Absent,1401CE55
,,Absent,Mandy King,,,Absent,1401CB61
,,Absent,Benny Eddison,,,Absent,1401EE83
,,Absent,Thea Holmes,,,Absent,1401MM01
,,Absent,Carol Rainford,,,Absent,1401MM27
,,Absent,Elle Quinn,,,Absent,1401CB55
,,Absent,Brad Cann,,,Absent,1401CB33
,,Absent,Bart Oakley,,,Absent,1401CB50
,,Absent,Chuck Baxter,,,Absent,1401ME66
,,Absent,Ramon Wilson,,,Absent,1401CE36
,,Absent,Lucas Ebbs,,,Absent,1401CS26
,,Absent,Rick Morgan,,,Absent,1401CS61
,,Absent,Lara Lewis,,,Absent,1401CE03
,,Absent,Caleb Stevens,,,Absent,1401ME54
,,Absent,Gabriel Addison,,,Absent,1401EE69
,,Absent,Adela Adams,,,Absent,1401MM34
,,Absent,Paula Walton,,,Absent,1401EE39
,,Absent,Gwenyth Murray,,,Absent,1401CB18
,,Absent,Chad Dunbar,,,Absent,1401ME74
,,Absent,Mona Morris,,,Absent,1401CB09
,,Absent,Charlize Harvey,,,Absent,1401EE46
,,Absent,Alexia Calderwood,,,Absent,1401CS55
,,Absent,Marilyn Edwards,,,Absent,1401EE35
,,Absent,Johnathan Marshall,,,Absent,1401ME75
,,Absent,Angel Edmonds,,,Absent,1401EE11
,,Absent,Vera Knight,,,Absent,1401EE51
,,Absent,Chad Fenton,,,Absent,1401ME55
,,Absent,Alexander Mooney,,,Absent,1401CE33
,,Absent,Dani Corbett,,,Absent,1401CS22
,,Absent,Denny Wheeler,,,Absent,1401CE23
,,Absent,Susan Wood,,,Absent,1401CS23
,,Absent,Nicole Simmons,,,Absent,1401ME38
,,Absent,Abdul Noon,,,Absent,1401CS11
,,Absent,Nathan Plumb,,,Absent,1401CE41
,,Absent,Alan Hunter,,,Absent,1401EE44
,,Absent,Mark Redfern,,,Absent,1401CS65
,,Absent,Julius Davies,,,Absent,1401CE45
,,Absent,Jenna Brock,,,Absent,1401EE01
,,Absent,Barney Wade,,,Absent,1401EE16
,,Absent,Danny Doherty,,,Absent,1401CB45
,,Absent,Bryon Tyler,,,Absent,1401EE64
,,Absent,Phillip Khan,,,Absent,1401ME58
,,Absent,Joseph Walsh,,,Absent,1401EE76
,,Absent,John Lyon,,,Absent,1401EE06
,,Absent,Shelby Mills,,,Absent,1401ME44
,,Absent,Elena Redden,,,Absent,1401EE33
,,Absent,Ruby Robe,,,Absent,1401CB30
,,Absent,Freya Whittle,,,Absent,1401CB17
,,Absent,Julius Ashwell,,,Absent,1401ME17
,,Absent,Fiona Jones,,,Absent,1401CS71
,,Absent,Cecilia Ventura,,,Absent,1401CB06
,,Absent,Rachael Richardson,,,Absent,1401CE60
,,Absent,Payton Gilmore,,,Absent,1401CE20
,,Absent,Payton Adler,,,Absent,1401CS73
,,Absent,Martin Butler,,,Absent,1401EE80
,,Absent,Gil Stark,,,Absent,1401EE61
,,Absent,Aurelia Parker,,,Absent,1401EE21
,,Absent,Marie Hastings,,,Absent,1401EE38
,,Absent,Eden Hobbs,,,Absent,1401CE35
,,Absent,Stephanie Noon,,,Absent,1401CS75
,,Absent,Samara Evans,,,Absent,1401ME81
,,Absent,Andie Gilmore,,,Absent,1401CE02
,,Absent,Vera Thorne,,,Absent,1401ME26
,,Absent,Sofie Reese,,,Absent,1401CE62
,,Absent,Ramon Murray,,,Absent,1401EE34
,,Absent,Martin Aldridge,,,Absent,1401MM19
,,Absent,Henry Watt,,,Absent,1401CE11
,,Absent,Cedrick Reynolds,,,Absent,1401EE29
,,Absent,Mason Gibson,,,Absent,1401ME01
,,Absent,Nicholas Hogg,,,Absent,1401MM30
,,Absent,Valentina Parker,,,Absent,1401CS25
,,Absent,Nina Gilbert,,,Absent,1401CB43
,,Absent,Bryce Clifford,,,Absent,1401CS77
,,Absent,Alessandra Russell,,,Absent,1401CS81
,,Absent,Noah Truscott,,,Absent,1401CB56
,,Absent,Benjamin West,,,Absent,1401CB41
,,Absent,Rihanna Noach,,,Absent,1401CB60
,,Absent,Lexi Wilcox,,,Absent,1401CE65
,,Absent,Benny Dickson,,,Absent,1401CB39
,,Absent,Andie Stewart,,,Absent,1401CE24
,,Absent,Phillip Douglas,,,Absent,1401CE22
,,Absent,Gil Victor,,,Absent,1401CB27
,,Absent,Johnny Horton,,,Absent,1401CS46
,,Absent,Jacob Nicolas,,,Absent,1401CB28
,,Absent,Nicholas Graham,,,Absent,1401CE07
,,Absent,Iris Yard,,,Absent,1401CS50
,,Absent,Helen Matthews,,,Absent,1401ME31
,,Absent,Samantha Funnell,,,Absent,1401ME05
,,Absent,Alex Baldwin,,,Absent,1401CS07
,,Absent,Jacqueline Thomson,,,Absent,1401EE09
,,Absent,Kurt Ross,,,Absent,1401ME49
,,Absent,Dani Cooper,,,Absent,1401ME37
,,Absent,Deborah Casey,,,Absent,1401CS35
,,Absent,Havana Isaac,,,Absent,1401MM05
,,Absent,Carter Lloyd,,,Absent,1401CS05
,,Absent,Marjorie Hope,,,Absent,1401CE15
,,Absent,Sofia Skinner,,,Absent,1401EE03
,,Absent,William Mason,,,Absent,1401ME28
,,Absent,Bryce Wilde,,,Absent,1401MM22
,,Absent,Nick Clayton,,,Absent,1901CE69
,,Absent,Chris Lunt,,,Absent,1401EE19
,,Absent,Valentina Snell,,,Absent,1401CE19
,,Absent,Denny Whitmore,,,Absent,1401CE01
,,Absent,Caitlyn Yarwood,,,Absent,1401EE50
,,Absent,Nathan Ebbs,,,Absent,1401CB64
,,Absent,Alan Yarwood,,,Absent,1401ME08
